Workbook

Sheet 说明
A1: 家电产品项目 · 飞书导入模板 | B1: 家电产品项目 · 飞书导入模板 | C1: 家电产品项目 · 飞书导入模板 | D1: 家电产品项目 · 飞书导入模板 | E1: 家电产品项目 · 飞书导入模板 | F1: 家电产品项目 · 飞书导入模板 | G1: 家电产品项目 · 飞书导入模板 | H1: 家电产品项目 · 飞书导入模板
A3: 本模板用于一次性把任务结构导入飞书多维表格：首次导入后，日常维护、甘特视图和到期提醒都在飞书中完成；本文件仅作为建表、备份和离线存档使用。 | B3: 本模板用于一次性把任务结构导入飞书多维表格：首次导入后，日常维护、甘特视图和到期提醒都在飞书中完成；本文件仅作为建表、备份和离线存档使用。 | C3: 本模板用于一次性把任务结构导入飞书多维表格：首次导入后，日常维护、甘特视图和到期提醒都在飞书中完成；本文件仅作为建表、备份和离线存档使用。 | D3: 本模板用于一次性把任务结构导入飞书多维表格：首次导入后，日常维护、甘特视图和到期提醒都在飞书中完成；本文件仅作为建表、备份和离线存档使用。 | E3: 本模板用于一次性把任务结构导入飞书多维表格：首次导入后，日常维护、甘特视图和到期提醒都在飞书中完成；本文件仅作为建表、备份和离线存档使用。 | F3: 本模板用于一次性把任务结构导入飞书多维表格：首次导入后，日常维护、甘特视图和到期提醒都在飞书中完成；本文件仅作为建表、备份和离线存档使用。 | G3: 本模板用于一次性把任务结构导入飞书多维表格：首次导入后，日常维护、甘特视图和到期提醒都在飞书中完成；本文件仅作为建表、备份和离线存档使用。 | H3: 本模板用于一次性把任务结构导入飞书多维表格：首次导入后，日常维护、甘特视图和到期提醒都在飞书中完成；本文件仅作为建表、备份和离线存档使用。
A4: 本模板用于一次性把任务结构导入飞书多维表格：首次导入后，日常维护、甘特视图和到期提醒都在飞书中完成；本文件仅作为建表、备份和离线存档使用。 | B4: 本模板用于一次性把任务结构导入飞书多维表格：首次导入后，日常维护、甘特视图和到期提醒都在飞书中完成；本文件仅作为建表、备份和离线存档使用。 | C4: 本模板用于一次性把任务结构导入飞书多维表格：首次导入后，日常维护、甘特视图和到期提醒都在飞书中完成；本文件仅作为建表、备份和离线存档使用。 | D4: 本模板用于一次性把任务结构导入飞书多维表格：首次导入后，日常维护、甘特视图和到期提醒都在飞书中完成；本文件仅作为建表、备份和离线存档使用。 | E4: 本模板用于一次性把任务结构导入飞书多维表格：首次导入后，日常维护、甘特视图和到期提醒都在飞书中完成；本文件仅作为建表、备份和离线存档使用。 | F4: 本模板用于一次性把任务结构导入飞书多维表格：首次导入后，日常维护、甘特视图和到期提醒都在飞书中完成；本文件仅作为建表、备份和离线存档使用。 | G4: 本模板用于一次性把任务结构导入飞书多维表格：首次导入后，日常维护、甘特视图和到期提醒都在飞书中完成；本文件仅作为建表、备份和离线存档使用。 | H4: 本模板用于一次性把任务结构导入飞书多维表格：首次导入后，日常维护、甘特视图和到期提醒都在飞书中完成；本文件仅作为建表、备份和离线存档使用。
A6: 使用步骤 | B6: 使用步骤 | C6: 使用步骤 | D6: 使用步骤 | E6: 使用步骤 | F6: 使用步骤 | G6: 使用步骤 | H6: 使用步骤
A7: 1. 打开「任务」页，把示例行替换为真实项目的 WBS（保留表头与列顺序，可增删行）。
A8: 2. 在「项目配置」页填写项目名称、项目起止日期、预警提前天数。
A9: 3. 用「选项字典」页核对单选字段的选项；任务页的单选值必须与字典完全一致。
A10: 4. 在飞书新建多维表格 → 导入本文件的「任务」页（详见《导入回流操作手册.md》）。
A11: 5. 按《飞书多维表格配置说明.md》设置字段类型、甘特视图、分组视图和到期提醒。
A12: 6. 日常维护在飞书进行；需要离线备份或回流本地看板时，从飞书导出 CSV。
A14: 填写规范 | B14: 填写规范 | C14: 填写规范 | D14: 填写规范 | E14: 填写规范 | F14: 填写规范 | G14: 填写规范 | H14: 填写规范
A15: · 每个 Excel 行 = 一个叶子任务；「阶段 / 任务 / 子任务」三列表达层级，「子任务」留空表示该任务本身就是叶子。
A16: · 日期为真实日期（yyyy-mm-dd），不是文本；「进度%」填 0～100 的数字。
A17: · 任务ID 全局唯一，如 T001；「前置任务」填依赖的任务ID，多个用英文逗号分隔（如 T001,T002）。
A18: · 单选列只能填「选项字典」中的值；负责人名单以实际团队为准。
A19: · 里程碑 = 是 的任务应给出明确日期，并尽量让进度为 0 或 100。
A22: 导入兼容性注意 | B22: 导入兼容性注意 | C22: 导入兼容性注意 | D22: 导入兼容性注意 | E22: 导入兼容性注意 | F22: 导入兼容性注意 | G22: 导入兼容性注意 | H22: 导入兼容性注意
A23: · 任务页数据区保持单表头、无合并单元格、无公式，保证飞书导入不报错、不错位。
A24: · 不要删除或改名表头列；飞书导入按第一行表头识别字段。
A25: · 本模板不做双向同步：日常修改以飞书为准，模板仅用于导入与备份。
A27: 如何增删改任务/子任务 | B27: 如何增删改任务/子任务 | C27: 如何增删改任务/子任务 | D27: 如何增删改任务/子任务 | E27: 如何增删改任务/子任务 | F27: 如何增删改任务/子任务 | G27: 如何增删改任务/子任务 | H27: 如何增删改任务/子任务
A28: · 新增：在「任务」页表格最后一行正下方直接输入，Excel 会自动扩展表格；或在表格内右键 → 插入 → 表格行。
A29: · 删除：选中整行 → 删除表格行；删除前先看「数据自检」页，确认没有其他任务的「前置任务」引用它。
A30: · 修改：直接改单元格即可；调整层级就改「阶段 / 任务 / 子任务」三列，调整日期/进度/状态直接改对应列。
A31: · 新增负责人/部门等选项：先在「选项字典」页登记，再同步修改「任务」页对应列的下拉选项，最后同步飞书单选字段。
A33: 导入前自检 | B33: 导入前自检 | C33: 导入前自检 | D33: 导入前自检 | E33: 导入前自检 | F33: 导入前自检 | G33: 导入前自检 | H33: 导入前自检
A34: · 保存文件后，打开「数据自检」页，确认「问题合计」列没有标红行。
A35: · 再运行「运行自检.command」（或 python3 自检脚本.py），看到「自检通过」后再导入飞书。
A36: · 自检页检查范围：任务页第 2～301 行；超过 300 个任务时请拆分表格并扩展自检范围。

Sheet 项目配置
A1: 项目配置 | B1: 项目配置
A2: 项目名称 | B2: 家电产品设计与生产项目（示例）
A3: 项目开始日期 | B3: 46244
A4: 项目结束日期 | B4: 46387
A5: 预警提前天数 | B5: 5
A6: 工作日 | B6: 周一至周五
A7: 负责人来源 | B7: 飞书多维表格「负责人」单选字段
A9: 说明：预警提前天数用于飞书自动化提醒（到期前 N 天通知负责人）；项目起止日期用于后续本地看板时间轴。 | B9: 说明：预警提前天数用于飞书自动化提醒（到期前 N 天通知负责人）；项目起止日期用于后续本地看板时间轴。
A10: 说明：预警提前天数用于飞书自动化提醒（到期前 N 天通知负责人）；项目起止日期用于后续本地看板时间轴。 | B10: 说明：预警提前天数用于飞书自动化提醒（到期前 N 天通知负责人）；项目起止日期用于后续本地看板时间轴。

Sheet 任务
A1: 任务ID | B1: 阶段 | C1: 任务 | D1: 子任务 | E1: 负责人 | F1: 协作部门 | G1: 计划开始 | H1: 计划结束 | I1: 进度% | J1: 前置任务 | K1: 里程碑 | L1: 优先级 | M1: 状态 | N1: 风险等级 | O1: 交付物 | P1: 备注
A2: T001 | B2: 概念与需求 | C2: 市场与用户调研 | D2: 竞品拆解 | E2: 王强 | F2: 市场 | G2: 46213 | H2: 46224 | I2: 0 | K2: 否 | L2: 高 | M2: 未开始 | N2: 中 | O2: 调研报告 | P2: 含线下卖场走访
A3: T002 | B3: 概念与需求 | C3: 需求定义 | D3: 需求规格书定稿 | E3: 李敏 | F3: 市场 | G3: 46220 | H3: 46231 | I3: 0 | J3: T001 | K3: 是 | L3: 高 | M3: 未开始 | N3: 低 | O3: 需求规格书 | P3: 里程碑
A4: T003 | B4: 产品设计 | C4: 工业设计 | D4: 外观造型定稿 | E4: 陈晨 | F4: 工业设计 | G4: 46258 | H4: 46276 | I4: 0 | J4: T002 | K4: 是 | L4: 高 | M4: 未开始 | N4: 中 | O4: 外观效果图/CMF | P4: 里程碑
A5: T004 | B5: 产品设计 | C5: 结构设计 | D5: 3D 结构图纸 | E5: 张涛 | F5: 结构 | G5: 46265 | H5: 46290 | I5: 0 | J5: T002 | K5: 否 | L5: 高 | M5: 未开始 | N5: 中 | O5: 3D/2D 图纸
A6: T005 | B6: 产品设计 | C6: 电控设计 | D6: 原理图与 PCB | E6: 刘洋 | F6: 电控 | G6: 46265 | H6: 46290 | I6: 0 | J6: T002 | K6: 否 | L6: 高 | M6: 未开始 | N6: 中 | O6: 原理图/PCB
A7: T006 | B7: 工程设计 | C7: 软件设计 | D7: 嵌入式软件框架 | E7: 赵磊 | F7: 软件 | G7: 46279 | H7: 46295 | I7: 0 | J7: T005 | K7: 否 | L7: 高 | M7: 未开始 | N7: 低 | O7: 软件架构文档
A8: T007 | B8: 工程设计 | C8: 工艺设计 | D8: 装配工艺文件 | E8: 周芳 | F8: 供应链 | G8: 46279 | H8: 46295 | I8: 0 | J8: T004 | K8: 否 | L8: 中 | M8: 未开始 | N8: 低 | O8: 工艺文件
A9: T008 | B9: 工程设计 | C9: 设计评审 | E9: 李敏 | F9: 品质 | G9: 46296 | H9: 46303 | I9: 0 | J9: T003,T004,T005,T006 | K9: 是 | L9: 高 | M9: 未开始 | N9: 中 | O9: 评审纪要 | P9: 里程碑；子任务留空表示任务即叶子
A10: T009 | B10: 样机与测试 | C10: 样机制作 | D10: 手板样机装配 | E10: 张涛 | F10: 结构 | G10: 46304 | H10: 46315 | I10: 0 | J10: T008 | K10: 否 | L10: 高 | M10: 未开始 | N10: 中 | O10: 手板样机
A11: T010 | B11: 样机与测试 | C11: 功能测试 | D11: 电控功能测试 | E11: 刘洋 | F11: 电控 | G11: 46314 | H11: 46325 | I11: 0 | J11: T009 | K11: 否 | L11: 高 | M11: 未开始 | N11: 高 | O11: 测试报告
A12: T011 | B12: 样机与测试 | C12: 安规预测试 | D12: 预测试问题整改 | E12: 王强 | F12: 品质 | G12: 46321 | H12: 46332 | I12: 0 | J12: T010 | K12: 否 | L12: 高 | M12: 未开始 | N12: 高 | O12: 预测试记录
A13: T012 | B13: 开模与试产 | C13: 模具开发 | D13: 模具 T0 试模 | E13: 周芳 | F13: 供应链 | G13: 46335 | H13: 46353 | I13: 0 | J13: T011 | K13: 否 | L13: 高 | M13: 未开始 | N13: 高 | O13: T0 样件
A14: T013 | B14: 开模与试产 | C14: 试产准备 | D14: 产线工装与物料 | E14: 孙立 | F14: 供应链 | G14: 46349 | H14: 46360 | I14: 0 | J14: T012 | K14: 否 | L14: 中 | M14: 未开始 | N14: 中 | O14: 试产物料清单
A15: T014 | B15: 开模与试产 | C15: 小批量试产 | D15: 试产问题关闭 | E15: 孙立 | F15: 品质 | G15: 46363 | H15: 46374 | I15: 0 | J15: T012,T013 | K15: 否 | L15: 高 | M15: 未开始 | N15: 中 | O15: 试产总结
A16: T015 | B16: 认证与量产 | C16: 认证送检 | D16: 3C 认证 | E16: 王强 | F16: 品质 | G16: 46356 | H16: 46381 | I16: 0 | J16: T011 | K16: 是 | L16: 高 | M16: 未开始 | N16: 高 | O16: 认证证书 | P16: 里程碑
A17: T016 | B17: 认证与量产 | C17: 量产准备 | D17: 量产爬坡计划 | E17: 孙立 | F17: 供应链 | G17: 46377 | H17: 46387 | I17: 0 | J17: T014,T015 | K17: 否 | L17: 中 | M17: 未开始 | N17: 中 | O17: 量产计划

Sheet 选项字典
A1: 选项字典（飞书单选字段选项） | B1: 选项字典（飞书单选字段选项）
A2: 字段 | B2: 选项值
A3: 阶段 | B3: 概念与需求
A4: 阶段 | B4: 产品设计
A5: 阶段 | B5: 工程设计
A6: 阶段 | B6: 样机与测试
A7: 阶段 | B7: 开模与试产
A8: 阶段 | B8: 认证与量产
A9: 负责人 | B9: 王强
A10: 负责人 | B10: 李敏
A11: 负责人 | B11: 陈晨
A12: 负责人 | B12: 张涛
... A39: 提示：负责人名单以实际团队为准；导入飞书后如人员变动，需同步更新飞书「负责人」单选字段的选项。 | B39: 提示：负责人名单以实际团队为准；导入飞书后如人员变动，需同步更新飞书「负责人」单选字段的选项。

Sheet 数据自检
A1: 数据自检（导入飞书前查看） | B1: 数据自检（导入飞书前查看） | C1: 数据自检（导入飞书前查看） | D1: 数据自检（导入飞书前查看） | E1: 数据自检（导入飞书前查看） | F1: 数据自检（导入飞书前查看） | G1: 数据自检（导入飞书前查看） | H1: 数据自检（导入飞书前查看）
A2: 说明：本页自动检查「任务」页第 2～301 行。红色行表示该行有问题；多前置任务的「前置悬空(参考)」请用自检脚本完整核查。 | B2: 说明：本页自动检查「任务」页第 2～301 行。红色行表示该行有问题；多前置任务的「前置悬空(参考)」请用自检脚本完整核查。 | C2: 说明：本页自动检查「任务」页第 2～301 行。红色行表示该行有问题；多前置任务的「前置悬空(参考)」请用自检脚本完整核查。 | D2: 说明：本页自动检查「任务」页第 2～301 行。红色行表示该行有问题；多前置任务的「前置悬空(参考)」请用自检脚本完整核查。 | E2: 说明：本页自动检查「任务」页第 2～301 行。红色行表示该行有问题；多前置任务的「前置悬空(参考)」请用自检脚本完整核查。 | F2: 说明：本页自动检查「任务」页第 2～301 行。红色行表示该行有问题；多前置任务的「前置悬空(参考)」请用自检脚本完整核查。 | G2: 说明：本页自动检查「任务」页第 2～301 行。红色行表示该行有问题；多前置任务的「前置悬空(参考)」请用自检脚本完整核查。 | H2: 说明：本页自动检查「任务」页第 2～301 行。红色行表示该行有问题；多前置任务的「前置悬空(参考)」请用自检脚本完整核查。
A4: 汇总 | B4: 汇总 | C4: 汇总 | D4: 汇总 | E4: 汇总 | F4: 汇总
A5: 检查项 | B5: 数量 | C5: 说明
A6: 任务总数 | B6: =COUNTA(任务!A2:A301) -> 16 | C6: 统计任务ID非空的行数
A7: 重复ID涉及行数 | B7: =SUMPRODUCT((任务!A2:A301<>"")*(COUNTIF(任务!A2:A301,任务!A2:A301)>1)) -> 0 | C7: 同一任务ID出现多次的行数
A8: 缺必填-任务ID | B8: =SUMPRODUCT((((任务!A2:A301<>"")+(任务!B2:B301<>"")+(任务!C2:C301<>"")+(任务!D2:D301<>""))>0)*(任务!A2:A301="")) -> 0 | C8: 有内容但任务ID为空的行
A9: 缺必填-阶段 | B9: =SUMPRODUCT((((任务!A2:A301<>"")+(任务!B2:B301<>"")+(任务!C2:C301<>"")+(任务!D2:D301<>""))>0)*(任务!B2:B301="")) -> 0 | C9: 有内容但阶段为空的行
A10: 缺必填-任务 | B10: =SUMPRODUCT((((任务!A2:A301<>"")+(任务!B2:B301<>"")+(任务!C2:C301<>"")+(任务!D2:D301<>""))>0)*(任务!C2:C301="")) -> 0 | C10: 有内容但任务为空的行
A11: 缺必填-负责人 | B11: =SUMPRODUCT((((任务!A2:A301<>"")+(任务!B2:B301<>"")+(任务!C2:C301<>"")+(任务!D2:D301<>""))>0)*(任务!E2:E301="")) -> 0 | C11: 有内容但负责人为空的行
A12: 缺必填-计划开始 | B12: =SUMPRODUCT((((任务!A2:A301<>"")+(任务!B2:B301<>"")+(任务!C2:C301<>"")+(任务!D2:D301<>""))>0)*(任务!G2:G301="")) -> 0 | C12: 有内容但计划开始为空的行
A13: 缺必填-计划结束 | B13: =SUMPRODUCT((((任务!A2:A301<>"")+(任务!B2:B301<>"")+(任务!C2:C301<>"")+(任务!D2:D301<>""))>0)*(任务!H2:H301="")) -> 0 | C13: 有内容但计划结束为空的行
A14: 缺必填-进度% | B14: =SUM(I21:I320) -> 0 | C14: 有内容但进度为空或非数字的行
A15: 日期异常（开始>结束） | B15: =SUMPRODUCT((任务!A2:A301<>"")*(任务!G2:G301<>"")*(任务!H2:H301<>"")*(任务!G2:G301>任务!H2:H301)) -> 0 | C15: 计划开始晚于计划结束的行
A16: 进度越界行数 | B16: =SUMPRODUCT((任务!A2:A301<>"")*((任务!I2:I301<0)+(任务!I2:I301>100))) -> 0 | C16: 进度小于 0 或大于 100 的行
A17: 通过条件：上方所有「数量」均为 0；否则到下方明细找红色行，改完再运行自检脚本。 | B17: 通过条件：上方所有「数量」均为 0；否则到下方明细找红色行，改完再运行自检脚本。 | C17: 通过条件：上方所有「数量」均为 0；否则到下方明细找红色行，改完再运行自检脚本。 | D17: 通过条件：上方所有「数量」均为 0；否则到下方明细找红色行，改完再运行自检脚本。 | E17: 通过条件：上方所有「数量」均为 0；否则到下方明细找红色行，改完再运行自检脚本。 | F17: 通过条件：上方所有「数量」均为 0；否则到下方明细找红色行，改完再运行自检脚本。 | G17: 通过条件：上方所有「数量」均为 0；否则到下方明细找红色行，改完再运行自检脚本。 | H17: 通过条件：上方所有「数量」均为 0；否则到下方明细找红色行，改完再运行自检脚本。
A19: 明细（对应任务页第 2～301 行，问题合计 > 0 标红） | B19: 明细（对应任务页第 2～301 行，问题合计 > 0 标红） | C19: 明细（对应任务页第 2～301 行，问题合计 > 0 标红） | D19: 明细（对应任务页第 2～301 行，问题合计 > 0 标红） | E19: 明细（对应任务页第 2～301 行，问题合计 > 0 标红） | F19: 明细（对应任务页第 2～301 行，问题合计 > 0 标红） | G19: 明细（对应任务页第 2～301 行，问题合计 > 0 标红） | H19: 明细（对应任务页第 2～301 行，问题合计 > 0 标红）
A20: 任务行号 | B20: 任务ID | C20: 重复ID | D20: 缺必填 | E20: 日期异常 | F20: 进度越界 | G20: 前置悬空(参考) | H20: 缺进度 | I20: 问题合计
A21: =ROW()-19 -> 2 | B21: =IF(任务!A2="","",任务!A2) -> T001 | C21: =IF($B21="",0,--(COUNTIF(任务!$A$2:$A$301,$B21)>1)) -> 0 | D21: =IF($B21="",0,--(OR(任务!B2="",任务!C2="",任务!E2="",任务!G2="",任务!H2="",NOT(ISNUMBER(任务!I2))))) -> 0 | E21: =IF($B21="",0,--(AND(任务!G2<>"",任务!H2<>"",任务!G2>任务!H2))) -> 0 | F21: =IF($B21="",0,--(OR(任务!I2<0,任务!I2>100))) -> 0 | G21: =IF($B21="",0,IF(ISNUMBER(SEARCH(",",任务!J2)),0,IF(任务!J2="",0,--(COUNTIF(任务!$A$2:$A$301,TRIM(任务!J2))=0)))) -> 0 | H21: =IF($B21="",0,--(NOT(ISNUMBER(任务!I2)))) -> 0 | I21: =IF($B21="",0,C21+D21+E21+F21+G21+I21) -> 0
A22: =ROW()-19 -> 3 | B22: =IF(任务!A3="","",任务!A3) -> T002 | C22: =IF($B22="",0,--(COUNTIF(任务!$A$2:$A$301,$B22)>1)) -> 0 | D22: =IF($B22="",0,--(OR(任务!B3="",任务!C3="",任务!E3="",任务!G3="",任务!H3="",NOT(ISNUMBER(任务!I3))))) -> 0 | E22: =IF($B22="",0,--(AND(任务!G3<>"",任务!H3<>"",任务!G3>任务!H3))) -> 0 | F22: =IF($B22="",0,--(OR(任务!I3<0,任务!I3>100))) -> 0 | G22: =IF($B22="",0,IF(ISNUMBER(SEARCH(",",任务!J3)),0,IF(任务!J3="",0,--(COUNTIF(任务!$A$2:$A$301,TRIM(任务!J3))=0)))) -> 0 | H22: =IF($B22="",0,--(NOT(ISNUMBER(任务!I3)))) -> 0 | I22: =IF($B22="",0,C22+D22+E22+F22+G22+I22) -> 0
A23: =ROW()-19 -> 4 | B23: =IF(任务!A4="","",任务!A4) -> T003 | C23: =IF($B23="",0,--(COUNTIF(任务!$A$2:$A$301,$B23)>1)) -> 0 | D23: =IF($B23="",0,--(OR(任务!B4="",任务!C4="",任务!E4="",任务!G4="",任务!H4="",NOT(ISNUMBER(任务!I4))))) -> 0 | E23: =IF($B23="",0,--(AND(任务!G4<>"",任务!H4<>"",任务!G4>任务!H4))) -> 0 | F23: =IF($B23="",0,--(OR(任务!I4<0,任务!I4>100))) -> 0 | G23: =IF($B23="",0,IF(ISNUMBER(SEARCH(",",任务!J4)),0,IF(任务!J4="",0,--(COUNTIF(任务!$A$2:$A$301,TRIM(任务!J4))=0)))) -> 0 | H23: =IF($B23="",0,--(NOT(ISNUMBER(任务!I4)))) -> 0 | I23: =IF($B23="",0,C23+D23+E23+F23+G23+I23) -> 0
A24: =ROW()-19 -> 5 | B24: =IF(任务!A5="","",任务!A5) -> T004 | C24: =IF($B24="",0,--(COUNTIF(任务!$A$2:$A$301,$B24)>1)) -> 0 | D24: =IF($B24="",0,--(OR(任务!B5="",任务!C5="",任务!E5="",任务!G5="",任务!H5="",NOT(ISNUMBER(任务!I5))))) -> 0 | E24: =IF($B24="",0,--(AND(任务!G5<>"",任务!H5<>"",任务!G5>任务!H5))) -> 0 | F24: =IF($B24="",0,--(OR(任务!I5<0,任务!I5>100))) -> 0 | G24: =IF($B24="",0,IF(ISNUMBER(SEARCH(",",任务!J5)),0,IF(任务!J5="",0,--(COUNTIF(任务!$A$2:$A$301,TRIM(任务!J5))=0)))) -> 0 | H24: =IF($B24="",0,--(NOT(ISNUMBER(任务!I5)))) -> 0 | I24: =IF($B24="",0,C24+D24+E24+F24+G24+I24) -> 0
A25: =ROW()-19 -> 6 | B25: =IF(任务!A6="","",任务!A6) -> T005 | C25: =IF($B25="",0,--(COUNTIF(任务!$A$2:$A$301,$B25)>1)) -> 0 | D25: =IF($B25="",0,--(OR(任务!B6="",任务!C6="",任务!E6="",任务!G6="",任务!H6="",NOT(ISNUMBER(任务!I6))))) -> 0 | E25: =IF($B25="",0,--(AND(任务!G6<>"",任务!H6<>"",任务!G6>任务!H6))) -> 0 | F25: =IF($B25="",0,--(OR(任务!I6<0,任务!I6>100))) -> 0 | G25: =IF($B25="",0,IF(ISNUMBER(SEARCH(",",任务!J6)),0,IF(任务!J6="",0,--(COUNTIF(任务!$A$2:$A$301,TRIM(任务!J6))=0)))) -> 0 | H25: =IF($B25="",0,--(NOT(ISNUMBER(任务!I6)))) -> 0 | I25: =IF($B25="",0,C25+D25+E25+F25+G25+I25) -> 0
A26: =ROW()-19 -> 7 | B26: =IF(任务!A7="","",任务!A7) -> T006 | C26: =IF($B26="",0,--(COUNTIF(任务!$A$2:$A$301,$B26)>1)) -> 0 | D26: =IF($B26="",0,--(OR(任务!B7="",任务!C7="",任务!E7="",任务!G7="",任务!H7="",NOT(ISNUMBER(任务!I7))))) -> 0 | E26: =IF($B26="",0,--(AND(任务!G7<>"",任务!H7<>"",任务!G7>任务!H7))) -> 0 | F26: =IF($B26="",0,--(OR(任务!I7<0,任务!I7>100))) -> 0 | G26: =IF($B26="",0,IF(ISNUMBER(SEARCH(",",任务!J7)),0,IF(任务!J7="",0,--(COUNTIF(任务!$A$2:$A$301,TRIM(任务!J7))=0)))) -> 0 | H26: =IF($B26="",0,--(NOT(ISNUMBER(任务!I7)))) -> 0 | I26: =IF($B26="",0,C26+D26+E26+F26+G26+I26) -> 0
A27: =ROW()-19 -> 8 | B27: =IF(任务!A8="","",任务!A8) -> T007 | C27: =IF($B27="",0,--(COUNTIF(任务!$A$2:$A$301,$B27)>1)) -> 0 | D27: =IF($B27="",0,--(OR(任务!B8="",任务!C8="",任务!E8="",任务!G8="",任务!H8="",NOT(ISNUMBER(任务!I8))))) -> 0 | E27: =IF($B27="",0,--(AND(任务!G8<>"",任务!H8<>"",任务!G8>任务!H8))) -> 0 | F27: =IF($B27="",0,--(OR(任务!I8<0,任务!I8>100))) -> 0 | G27: =IF($B27="",0,IF(ISNUMBER(SEARCH(",",任务!J8)),0,IF(任务!J8="",0,--(COUNTIF(任务!$A$2:$A$301,TRIM(任务!J8))=0)))) -> 0 | H27: =IF($B27="",0,--(NOT(ISNUMBER(任务!I8)))) -> 0 | I27: =IF($B27="",0,C27+D27+E27+F27+G27+I27) -> 0
A28: =ROW()-19 -> 9 | B28: =IF(任务!A9="","",任务!A9) -> T008 | C28: =IF($B28="",0,--(COUNTIF(任务!$A$2:$A$301,$B28)>1)) -> 0 | D28: =IF($B28="",0,--(OR(任务!B9="",任务!C9="",任务!E9="",任务!G9="",任务!H9="",NOT(ISNUMBER(任务!I9))))) -> 0 | E28: =IF($B28="",0,--(AND(任务!G9<>"",任务!H9<>"",任务!G9>任务!H9))) -> 0 | F28: =IF($B28="",0,--(OR(任务!I9<0,任务!I9>100))) -> 0 | G28: =IF($B28="",0,IF(ISNUMBER(SEARCH(",",任务!J9)),0,IF(任务!J9="",0,--(COUNTIF(任务!$A$2:$A$301,TRIM(任务!J9))=0)))) -> 0 | H28: =IF($B28="",0,--(NOT(ISNUMBER(任务!I9)))) -> 0 | I28: =IF($B28="",0,C28+D28+E28+F28+G28+I28) -> 0
A29: =ROW()-19 -> 10 | B29: =IF(任务!A10="","",任务!A10) -> T009 | C29: =IF($B29="",0,--(COUNTIF(任务!$A$2:$A$301,$B29)>1)) -> 0 | D29: =IF($B29="",0,--(OR(任务!B10="",任务!C10="",任务!E10="",任务!G10="",任务!H10="",NOT(ISNUMBER(任务!I10))))) -> 0 | E29: =IF($B29="",0,--(AND(任务!G10<>"",任务!H10<>"",任务!G10>任务!H10))) -> 0 | F29: =IF($B29="",0,--(OR(任务!I10<0,任务!I10>100))) -> 0 | G29: =IF($B29="",0,IF(ISNUMBER(SEARCH(",",任务!J10)),0,IF(任务!J10="",0,--(COUNTIF(任务!$A$2:$A$301,TRIM(任务!J10))=0)))) -> 0 | H29: =IF($B29="",0,--(NOT(ISNUMBER(任务!I10)))) -> 0 | I29: =IF($B29="",0,C29+D29+E29+F29+G29+I29) -> 0
A30: =ROW()-19 -> 11 | B30: =IF(任务!A11="","",任务!A11) -> T010 | C30: =IF($B30="",0,--(COUNTIF(任务!$A$2:$A$301,$B30)>1)) -> 0 | D30: =IF($B30="",0,--(OR(任务!B11="",任务!C11="",任务!E11="",任务!G11="",任务!H11="",NOT(ISNUMBER(任务!I11))))) -> 0 | E30: =IF($B30="",0,--(AND(任务!G11<>"",任务!H11<>"",任务!G11>任务!H11))) -> 0 | F30: =IF($B30="",0,--(OR(任务!I11<0,任务!I11>100))) -> 0 | G30: =IF($B30="",0,IF(ISNUMBER(SEARCH(",",任务!J11)),0,IF(任务!J11="",0,--(COUNTIF(任务!$A$2:$A$301,TRIM(任务!J11))=0)))) -> 0 | H30: =IF($B30="",0,--(NOT(ISNUMBER(任务!I11)))) -> 0 | I30: =IF($B30="",0,C30+D30+E30+F30+G30+I30) -> 0
A31: =ROW()-19 -> 12 | B31: =IF(任务!A12="","",任务!A12) -> T011 | C31: =IF($B31="",0,--(COUNTIF(任务!$A$2:$A$301,$B31)>1)) -> 0 | D31: =IF($B31="",0,--(OR(任务!B12="",任务!C12="",任务!E12="",任务!G12="",任务!H12="",NOT(ISNUMBER(任务!I12))))) -> 0 | E31: =IF($B31="",0,--(AND(任务!G12<>"",任务!H12<>"",任务!G12>任务!H12))) -> 0 | F31: =IF($B31="",0,--(OR(任务!I12<0,任务!I12>100))) -> 0 | G31: =IF($B31="",0,IF(ISNUMBER(SEARCH(",",任务!J12)),0,IF(任务!J12="",0,--(COUNTIF(任务!$A$2:$A$301,TRIM(任务!J12))=0)))) -> 0 | H31: =IF($B31="",0,--(NOT(ISNUMBER(任务!I12)))) -> 0 | I31: =IF($B31="",0,C31+D31+E31+F31+G31+I31) -> 0
A32: =ROW()-19 -> 13 | B32: =IF(任务!A13="","",任务!A13) -> T012 | C32: =IF($B32="",0,--(COUNTIF(任务!$A$2:$A$301,$B32)>1)) -> 0 | D32: =IF($B32="",0,--(OR(任务!B13="",任务!C13="",任务!E13="",任务!G13="",任务!H13="",NOT(ISNUMBER(任务!I13))))) -> 0 | E32: =IF($B32="",0,--(AND(任务!G13<>"",任务!H13<>"",任务!G13>任务!H13))) -> 0 | F32: =IF($B32="",0,--(OR(任务!I13<0,任务!I13>100))) -> 0 | G32: =IF($B32="",0,IF(ISNUMBER(SEARCH(",",任务!J13)),0,IF(任务!J13="",0,--(COUNTIF(任务!$A$2:$A$301,TRIM(任务!J13))=0)))) -> 0 | H32: =IF($B32="",0,--(NOT(ISNUMBER(任务!I13)))) -> 0 | I32: =IF($B32="",0,C32+D32+E32+F32+G32+I32) -> 0
... A320: =ROW()-19 -> 301 | B320: =IF(任务!A301="","",任务!A301) | C320: =IF($B320="",0,--(COUNTIF(任务!$A$2:$A$301,$B320)>1)) -> 0 | D320: =IF($B320="",0,--(OR(任务!B301="",任务!C301="",任务!E301="",任务!G301="",任务!H301="",NOT(ISNUMBER(任务!I301))))) -> 0 | E320: =IF($B320="",0,--(AND(任务!G301<>"",任务!H301<>"",任务!G301>任务!H301))) -> 0 | F320: =IF($B320="",0,--(OR(任务!I301<0,任务!I301>100))) -> 0 | G320: =IF($B320="",0,IF(ISNUMBER(SEARCH(",",任务!J301)),0,IF(任务!J301="",0,--(COUNTIF(任务!$A$2:$A$301,TRIM(任务!J301))=0)))) -> 0 | H320: =IF($B320="",0,--(NOT(ISNUMBER(任务!I301)))) -> 0 | I320: =IF($B320="",0,C320+D320+E320+F320+G320+I320) -> 0
